,,,,,
category_name,intro_text,why_you_need,what_to_look_for,,
Acting Classes & Coaches,"Entering the world of acting can feel overwhelming, but quality acting classes and coaches provide an anchor for your child. They nurture confidence through safe, supportive instruction and create space for professional growth so budding actors thrive. Explore {{count}} trusted Acting Classes & Coaches specializing in child and teen performers.","✓ Build foundational skills through structured training and personalized feedback
✓ Foster self-confidence, empathy, and focus in a supportive environment
✓ Encourage discipline and perseverance for a sustainable career.
✓ Gain exposure to industry techniques and audition practices.
✓ Provide mentorship and networking opportunities with peers and professionals.","• Experienced instructors who specialize in child and teen performers and use age-appropriate methods.
• A positive, nurturing atmosphere that promotes confidence and safe risk-taking
• Small class sizes for individualized attention and feedback.
• Curriculum that balances technique, improvisation, and on-camera work.
• Proven track record of students booking roles or advancing to advanced programs.",,
Acting Schools,"A reputable acting school weaves training, mentorship, and community into a single environment. Parents seeking quality programs can feel confident that a structured curriculum builds foundational skills and offers professional growth opportunities. Explore {{count}} trusted Acting Schools specializing in child and teen performers.","✓ Structured programs cultivate discipline and long-term skill development.
✓ Integrated academics and arts ensure balanced learning for young performers.
✓ Provide industry connections and performance opportunities.
✓ Offer exposure to various acting methods, from Meisner to on-camera work.
✓ Create a supportive community that encourages collaboration and confidence.","• Accredited institutions with faculty experienced in youth performance training.
• Curriculum covering voice, movement, theatre history, and screen acting.
• Opportunities for students to participate in productions and showcases.
• Transparent policies regarding workload, parental involvement, and safety.
• Alumni success stories that demonstrate the school's impact on careers.",,
Actor Websites,"In today’s digital landscape, a polished actor website acts as your child’s professional home base. This quality portfolio builds confidence with casting directors and grows professional opportunities by showcasing reels, headshots, and credentials. Explore {{count}} trusted Actor Websites specializing in child and teen performers.","✓ Serve as a centralized hub for headshots, reels, resumes, and contact info.
✓ Provide credibility and professionalism to casting directors and agents.
✓ Allow your child to control their narrative and showcase personal branding.
✓ Offer a platform for updates on projects, training, and achievements.
✓ Make it easy for industry professionals to view and share your child's work.","• Clean, mobile-friendly design that highlights visuals and bio.
• Easy navigation with clear sections for reels, headshots, and résumé.
• Secure hosting and simple content management for regular updates.
• Integration with social media and contact forms for accessibility.
• Professional copywriting that reflects your child's personality and strengths.",,
Audition Prep,"Auditions are the gateway to roles, and audition preparation services equip young performers with the tools to face them with confidence. These quality sessions sharpen cold-reading skills, reduce anxiety, and set the stage for lasting professional growth. Explore {{count}} trusted Audition Prep specializing in child and teen performers.","✓ Helps actors interpret scripts quickly and make strong choices under pressure.
✓ Reduces performance anxiety and builds confidence in audition rooms.
✓ Teaches etiquette and professionalism that casting directors appreciate.
✓ Provides feedback on pacing, diction, and body language.
✓ Prepares kids for a variety of audition formats, including self-tapes.","• Coaches with experience casting or auditioning child actors.
• Techniques tailored to your child's age, goals, and mediums.
• Practice with real scripts and mock auditions for practical experience.
• Honest, constructive feedback that encourages growth.
• Flexible options for in-person or virtual prep to accommodate schedules.",,
Background Casting,"Background or extra roles offer an accessible path to set experience for aspiring actors. With quality supervision, kids gain confidence on real sets and start building credits that support long-term professional growth. Explore {{count}} trusted Background Casting specializing in child and teen performers.","✓ Introduces young actors to the rhythm and etiquette of professional sets
✓ Builds patience, listening skills, and teamwork as part of a film crew
✓ Provides a pathway to earn credits and start a professional résumé.
✓ Offers a safe environment with studio teachers ensuring education
✓ May lead to upgrades to principal roles and union eligibility","• Agencies that follow labor laws and treat extras with respect.
• Clear communication about hours, pay, and expectations.
• Opportunities on varied productions to broaden experience.
• Advice on balancing background work with school and other commitments.
• Guidance on when to transition from background to principal roles",,
Branding Coaches,A clear personal brand helps a young performer stand out in a crowded industry. Branding coaches guide families through quality messaging and visual identity choices that instill confidence and lay the groundwork for professional growth. Explore {{count}} trusted Branding Coaches specializing in child and teen performers.,"✓ Clarify your child’s unique selling points and market positioning.
✓ Develop consistent messaging across photos, reels, and social media.
✓ Increase visibility and help your child stand out to casting directors.
✓ Build confidence by aligning their personal identity with career goals.
✓ Provide strategic guidance on wardrobe, style, and communication.","• Professionals with branding experience in the entertainment industry.
• A collaborative approach that honors your child’s personality.
• Services that include visual identity, tone of voice, and social strategy.
• Evidence of clients successfully booking roles or landing representation.
• Transparent pricing and a clear plan tailored to developmental stages.",,
Business of Acting,"Show business is as much business as show. Learning the financial, legal, and practical side of acting gives parents confidence that their child’s career is built on quality decisions and long-term professional growth. Explore {{count}} trusted Business of Acting services specializing in child and teen performers.","✓ Understand contracts, unions, and legal requirements affecting minors.
✓ Learn how to budget for classes, headshots, travel, and trust accounts
✓ Gain knowledge about taxes, residuals, and financial planning.
✓ Develop professional etiquette and networking skills.
✓ Treat your child’s career like a business for sustainability.","• Instructors with industry and financial expertise.
• Curriculum covering law, accounting, marketing, and time management.
• Resources for Coogan accounts, permits, and state regulations
• Up-to-date advice on union requirements and changing industry trends.
• Supportive atmosphere encouraging parents to ask questions and learn.",,
Career Consulting,"Career consultants offer experienced insight to help parents and young performers navigate complex industry pathways. Their quality advice empowers families, builds confidence in decision-making, and keeps professional growth on track. Explore {{count}} trusted Career Consulting specializing in child and teen performers.","✓ Receive personalized roadmaps based on your child’s strengths and goals.
✓ Avoid common pitfalls and scams in the acting industry.
✓ Connect with agents, managers, and casting through referrals.
✓ Stay motivated and focused with professional accountability.
✓ Identify opportunities for diversification, such as voiceover or modeling.","• Consultants with verifiable success in launching or sustaining young careers.
• Transparent communication and respect for your family’s boundaries.
• Holistic approach addressing training, marketing, and well-being.
• Access to industry contacts and knowledge of current market trends.
• Services adaptable to changing interests and life stages.",,
Casting Workshops,"Casting workshops provide a rare glimpse into the casting process and a safe space to practice under industry professionals. These quality sessions help kids gain confidence, refine audition skills, and fuel professional growth. Explore {{count}} trusted Casting Workshops specializing in child and teen performers.","✓ Gain insights into how casting directors think and what they value.
✓ Practice audition material with professional feedback.
✓ Build relationships with industry decision-makers.
✓ Learn about current trends and upcoming projects.
✓ Boost confidence through real-time coaching and scene work.","• Legitimate workshops run by reputable casting directors or associates.
• Clear guidelines on what is and is not an audition opportunity.
• Small class sizes for individual interaction and feedback.
• Emphasis on education rather than pay-to-play promises.
• Supportive environment that encourages growth and networking.",,
Child Advocacy,"Ensuring the well-being of child performers is paramount. Child advocates champion safety, education, and legal protections so families can pursue opportunities with confidence, quality support, and a focus on healthy professional growth. Explore {{count}} trusted Child Advocacy services specializing in child and teen performers.","✓ Protects your child’s rights, safety, and education on set.
✓ Ensures compliance with child labor laws and union rules.
✓ Provides resources and community for parents navigating the industry.
✓ Promotes mental health and well-being alongside career ambitions.
✓ Advocates for fair compensation and equitable treatment.","• Organizations with a track record of supporting child performers
• Knowledge of state and federal regulations affecting minors in entertainment.
• Transparent mission focused on welfare rather than profit.
• Educational materials for parents and industry professionals.
• Partnerships with unions, legal professionals, and mental health providers.",,
Comedy Coaches,"Comedy coaches nurture a young actor’s timing, wit, and unique sense of humor. Through quality instruction, they foster confidence on stage and screen and encourage professional growth with bold comedic choices. Explore {{count}} trusted Comedy Coaches specializing in child and teen performers.","✓ Develop timing, rhythm, and storytelling unique to comedic performance.
✓ Encourage risk-taking and discovery of your child’s comedic voice.
✓ Teach techniques for stand-up, sitcoms, and improv.
✓ Provide constructive feedback to refine jokes and characters.
✓ Help transition comedic skills to auditions and other mediums.","• Coaches with professional comedy or improv experience.
• A supportive, fun environment that fosters creativity.
• Classes tailored to age and comfort level.
• Opportunities for performances or showcases.
• Feedback that balances honesty with encouragement.",,
Content Creators,Capturing your child’s talent through professional content is more important than ever. Content creators design quality reels and short-form projects that build confidence and momentum toward professional growth. Explore {{count}} trusted Content Creators specializing in child and teen performers.,"✓ Produce professional footage for demo reels, social media, and auditions.
✓ Highlight your child’s unique look, personality, and range.
✓ Offer creative direction that aligns with your child’s brand.
✓ Ensure technical quality in lighting, sound, and editing.
✓ Deliver content quickly so you can seize opportunities.","• A portfolio demonstrating cinematic quality and storytelling.
• Experience working with children and teens.
• Collaborative process where your child’s vision is respected.
• Options for different formats—short clips, monologues, and sizzle reels.
• Clear timelines and pricing structures.",,
Cosmetic Dentistry,"A healthy, camera-ready smile can boost a young performer’s confidence. Cosmetic dentistry for actors focuses on quality care and subtle improvements that support professional growth without compromising authenticity. Explore {{count}} trusted Cosmetic Dentistry specializing in child and teen performers.","✓ Address dental issues that might affect casting, like misalignment or staining.
✓ Enhance your child’s natural smile without changing their character.
✓ Boost self-esteem and camera confidence.
✓ Prevent future dental problems that could disrupt shoots.
✓ Ensure good oral health, which supports overall well-being.","• Dentists experienced with pediatric and cosmetic dentistry.
• Conservative approaches that prioritize health and authenticity.
• Clear consultation about procedures, costs, and recovery time.
• Flexible scheduling to accommodate work and school.
• Positive reviews from other actor families.",,
Dance Classes,"Dance classes develop body awareness, rhythm, and stage presence in young actors. Quality instruction fosters confidence and complements professional growth across acting and musical theater. Explore {{count}} trusted Dance Classes specializing in child and teen performers.","✓ Develop coordination, rhythm, and body awareness essential for stage and screen.
✓ Enhance musicality and timing for auditions and musical theatre roles.
✓ Build discipline, stamina, and focus through regular practice.
✓ Encourage creative expression and storytelling through movement.
✓ Foster teamwork and respect in group dance settings.","• Instructors with experience teaching children and understanding performing arts.
• A variety of styles—ballet, jazz, hip-hop—to broaden skills.
• Safe, supportive studios that emphasize injury prevention.
• Performance opportunities to apply skills on stage.
• Appropriate class size to ensure personal attention.",,
Demo Reel Creators,"A polished demo reel is a calling card for your child’s talent. Professional editors compile quality footage to showcase range and instill confidence in casting directors, accelerating professional growth Explore {{count}} trusted Demo Reel Creators specializing in child and teen performers.","✓ Consolidate your child’s best performances into a concise reel
✓ Ensure professional-quality sound and visuals that meet industry standards
✓ Highlight range with well-chosen scenes and strong pacing
✓ Provide expert advice on scene selection and order.
✓ Deliver a polished product that casting directors can’t ignore.","• Editors with experience crafting reels for youth actors.
• Clear understanding of industry expectations and length.
• Willingness to collaborate and revise until you’re satisfied.
• Access to professional-grade editing software and effects.
• Turnaround time that fits your audition timeline.",,
Dialect Coach,"A dialect coach helps young actors master accents, pronunciation, and speech patterns, enhancing authenticity. Their quality guidance boosts confidence and opens doors to diverse roles, fostering professional growth. Explore {{count}} trusted Dialect Coaches specializing in child and teen performers.","✓ Master accents and dialects for roles requiring specific regional or period speech.
✓ Improve articulation and diction for clearer performances
✓ Increase your child’s marketability by expanding their casting range.
✓ Avoid offensive stereotypes by learning authentic pronunciation.
✓ Build confidence by practicing challenging speech patterns.","• Coaches with linguistic training and acting experience.
• Familiarity with a wide range of accents and dialects.
• Ability to tailor techniques to your child’s age and skill level.
• Tools for recording and practicing outside of sessions.
• Positive testimonials from actors who booked roles using their training.",,
Entertainment Lawyers,"Entertainment lawyers safeguard your child’s creative work and negotiate on their behalf. With deep knowledge of the industry, they ensure quality contracts, inspire confidence, and support professional growth Explore {{count}} trusted Entertainment Lawyers specializing in child and teen performers.","✓ Review and negotiate contracts to protect rights and fair compensation
✓ Advise on intellectual property and copyright issues
✓ Handle complex deals like exclusivity, series options, and merchandising
✓ Ensure compliance with labor laws and union regulations.
✓ Provide a trusted ally when legal issues arise.","• Lawyers specializing in entertainment and familiar with child performer law.
• Reputation for integrity and clear communication.
• Transparent fee structures and willingness to educate clients.
• Relationships with agents, managers, and studios.
• Availability to review documents quickly under tight deadlines.",,
Event Calendars,"Keeping track of auditions, classes, and showcases is daunting. Event calendars curate quality opportunities, allowing parents to plan with confidence and prioritize activities that support professional growth. Explore {{count}} trusted Event Calendars specializing in child and teen performers.","✓ Streamline scheduling by tracking auditions, workshops, and deadlines.
✓ Avoid missing casting calls or important networking events.
✓ Plan training and rest to prevent burnout.
✓ Discover new opportunities you might otherwise overlook.
✓ Keep the whole family organized and informed.","• Up-to-date listings specific to your region and age group.
• Integration with digital calendars and reminders.
• Filters for different types of events (auditions, classes, festivals).
• Verified sources and clear application instructions.
• Optional subscription or notification services.",,
Financial Advisors,"Managing unpredictable income is a challenge for any performer. Financial advisors help families make quality decisions about savings, investments, and tax planning, building confidence and supporting long-term professional growth Explore {{count}} trusted Financial Advisors specializing in child and teen performers.","✓ Navigate irregular income and plan for taxes and trust accounts
✓ Allocate earnings toward college, retirement, or other long-term goals
✓ Teach kids budgeting and financial responsibility
✓ Ensure compliance with state laws regarding minor earnings
✓ Protect your family’s financial security during lean periods.","• Advisors with experience in entertainment industry finances.
• Knowledge of Coogan accounts, UGMA/UTMA, and 529 plans
• Transparent fee structures and fiduciary responsibility.
• Willingness to educate both parents and children.
• Strategies tailored to unpredictable income streams.",,
Hair/Makeup Artists,"Professional hair and makeup artists transform young actors for auditions, shoots, and performances. Their quality artistry enhances confidence and ensures your child presents a polished image, aiding professional growth. Explore {{count}} trusted Hair/Makeup Artists specializing in child and teen performers.","✓ Create camera-ready looks for auditions, shoots, and live performances.
✓ Help young actors feel confident and express characters authentically.
✓ Ensure hygiene and skin/hair health under varying conditions.
✓ Adapt styles to fit period pieces, commercials, or fantasy roles.
✓ Provide quick touch-ups to keep performers fresh on set.","• Artists who specialize in on-camera hair and makeup for minors.
• Knowledge of safe products for sensitive skin.
• Portfolio showing versatility and age-appropriate styles.
• Collaborative approach that respects personal preferences.
• Punctuality and ability to work under tight production schedules.",,
Headshot Photographers,"Your child’s headshot is often their first impression. A skilled photographer captures quality, natural images that stand out and boost confidence in casting rooms Professional headshots are a cornerstone of professional growth. Explore {{count}} trusted Headshot Photographers specializing in child and teen performers.","✓ Professional headshots are the first step to getting auditions
✓ A great headshot catches casting directors’ eyes and showcases personality
✓ Regular updates keep your child’s look current as they grow.
✓ Quality photos demonstrate commitment and professionalism.
✓ Strong images can lead to more bookings and representation.","• Photographers specializing in headshots, not general portraits
• Natural lighting and minimal retouching to preserve authenticity.
• Guidance on wardrobe and expressions.
• Comfortable environment that brings out genuine emotion.
• Reasonable packages with digital and print options.",,
Improv Classes,"Improv classes encourage spontaneity and fearless creativity, traits that enrich any acting style. These quality workshops build confidence, teach listening, and accelerate professional growth Explore {{count}} trusted Improv Classes specializing in child and teen performers.","✓ Encourages spontaneity, creativity, and trust in instincts
✓ Improves listening, collaboration, and honest reactions
✓ Speeds up overall acting development when combined with formal training
✓ Strengthens audition skills and adaptability for cold reads
✓ Increases opportunities as casting directors value improv experience","• Schools or coaches with improv training credentials.
• Emphasis on playfulness and nonjudgmental exploration.
• Opportunities to perform for an audience or at showcases.
• Integration with other acting techniques for balanced growth.
• Flexible classes that accommodate busy schedules.",,
Influencer Agents,"Influencer agents connect young talent with brand opportunities and manage collaborations. By maintaining quality partnerships and safeguarding your child’s image, they instill confidence and drive professional growth in the digital space. Explore {{count}} trusted Influencer Agents specializing in child and teen performers.","✓ Negotiate brand deals and sponsored content fairly.
✓ Protect your child’s image and ensure age-appropriate partnerships.
✓ Expand your child’s reach by connecting with aligned brands.
✓ Help manage platform algorithms and posting schedules.
✓ Provide guidance on online behavior and compliance with advertising rules.","• Agents with experience representing young influencers.
• Clear guidelines on commission and exclusivity.
• Understanding of COPPA and social media platform policies
• Focus on brands that align with your family’s values.
• Strategy for long-term growth rather than quick cash grabs.",,
Lifestyle Photographers,"Lifestyle photographers capture candid, story-driven images that complement headshots and reels. Their quality shoots boost confidence and enrich your child’s portfolio for professional growth. Explore {{count}} trusted Lifestyle Photographers specializing in child and teen performers.","✓ Showcase your child’s personality in natural settings.
✓ Provide variety to complement headshots and reels.
✓ Capture behind-the-scenes moments for social media and press.
✓ Create content that feels authentic and relatable.
✓ Build a visual narrative that supports casting and branding.","• Photographers skilled in candid and environmental portraits.
• Ability to tell a story through images that appeal to casting directors.
• Comfort working with children and creating relaxed sessions.
• Flexible packages including digital galleries and licensing.
• Creative vision aligned with your child’s brand.",,
Mental Health for Performers,Performing arts can be exhilarating and stressful. Mental health professionals who understand performers offer quality support to help young actors navigate unique stressors and maintain confidence and professional growth. Explore {{count}} trusted Mental Health for Performers specializing in child and teen performers.,"✓ Address unique psychological and social stressors of performing
✓ Provide coping strategies for rejection, competition, and irregular work
✓ Support emotional development and identity beyond performance roles
✓ Educate parents and children about healthy boundaries and expectations
✓ Offer a confidential space to discuss concerns and celebrate successes.","• Clinicians experienced with performers and creative arts clients.
• Sensitivity to developmental stages and family dynamics.
• Resources for crisis counseling, referrals, and peer support groups.
• Emphasis on balance between career, education, and personal life.
• Collaboration with advocates and set teachers to ensure holistic support.",
Modeling Portfolios,A comprehensive modeling portfolio showcases versatility and range. Quality images curated by experts build confidence and lay the foundation for professional growth in print and runway work. Explore {{count}} trusted Modeling Portfolios specializing in child and teen performers.,"✓ Present a variety of looks to potential clients and agencies.
✓ Demonstrate versatility and the ability to embody different styles.
✓ Keep visuals current as your child grows and trends change.
✓ Provide a professional presentation for print and digital submissions.
✓ Build confidence by seeing themselves represented professionally.","• Photographers and stylists experienced in youth modeling.
• A mix of close-ups, full-body, and lifestyle shots.
• Age-appropriate wardrobe and makeup choices.
• High-resolution images suitable for comp cards and online portfolios.
• Guidance on selecting final shots and layout.",,
Modeling/Print Agents,Print and modeling agents connect young talent with campaigns and ensure fair contracts. Their quality representation builds confidence and paves the way for sustained professional growth. Explore {{count}} trusted Modeling/Print Agents specializing in child and teen performers.,"✓ Secure bookings for commercial, catalog, and print campaigns.
✓ Negotiate fair contracts and protect your child’s earnings.
✓ Advise on portfolio updates and industry trends.
✓ Manage auditions and go-sees to streamline scheduling.
✓ Provide insight into which markets and brands fit your child’s look.","• Legitimate agencies with licenses and industry affiliations.
• Open communication and transparency about casting processes.
• Reasonable commission structures and no upfront fees.
• History of placing children in reputable print jobs.
• Supportive agents who prioritize child safety and education.",,
Publicists,"Publicists shape how the world sees your child. Strategic public relations and media coaching offer quality exposure, protect privacy, and nurture confidence, supporting professional growth. Explore {{count}} trusted Publicists specializing in child and teen performers.","✓ Shape public perception through strategic media outreach.
✓ Manage press releases, interviews, and red carpet appearances.
✓ Address negative publicity or misinformation swiftly.
✓ Coordinate with agents and managers to align messaging.
✓ Build long-term visibility beyond single projects.","• Experience in youth entertainment publicity.
• Strong media contacts and proven campaign successes.
• Sensitivity to privacy and age-appropriate exposure.
• Customized PR plans based on career stage and goals.
• Transparent fees and clear deliverables.",,
Reel Editors,"Even the strongest footage needs a storyteller. Reel editors refine scenes into compelling narratives, ensuring quality pacing and technical polish that inspire confidence and support professional growth. Explore {{count}} trusted Reel Editors specializing in child and teen performers.","✓ Transform raw footage into a compelling, cohesive story.
✓ Ensure technical excellence in sound, color, and pacing
✓ Highlight the best moments while keeping the reel concise
✓ Tailor edits to specific casting targets or genres.
✓ Save time by handling the technical aspects of post-production.","• Editors experienced with acting and modeling reels.
• Ability to work with different file formats and resolutions.
• Willingness to collaborate on vision and incorporate feedback.
• Access to professional editing software and effects.
• Portfolio showing successful reels for clients your child’s age.",,
Self-Tape Support,"Self‑tape auditions are now standard. Support services provide quality lighting, sound, and reader assistance so young actors can record with confidence and pursue professional growth from anywhere. Explore {{count}} trusted Self-Tape Support specializing in child and teen performers.","✓ Provide proper lighting, sound, and framing for remote auditions.
✓ Supply readers to enhance performance and reaction timing.
✓ Offer guidance on editing and file submission.
✓ Reduce technical stress so performers can focus on acting.
✓ Increase the likelihood of standing out in a crowded virtual field.","• Studios or services with professional-grade equipment.
• Knowledge of casting directors’ preferred formats and platforms.
• Friendly staff experienced with children and teens.
• Quick turnaround times for last-minute tapes.
• Options for coaching, review, and retakes.",,
Set Sitters,"When parents can’t accompany their child on set, set sitters step in. These quality caregivers supervise minors, ensure safety, and help maintain confidence and routines, enabling professional growth. Explore {{count}} trusted Set Sitters specializing in child and teen performers.","✓ Provide trusted supervision when a parent cannot stay on set.
✓ Ensure your child follows safety and labor regulations.
✓ Help manage schedules, snacks, and downtime.
✓ Serve as a liaison between your child, set teachers, and crew.
✓ Offer emotional support and comfort during long hours.","• Background checks and references attesting to reliability.
• Experience with children and understanding of set etiquette.
• Patience, calm demeanor, and problem-solving skills.
• Knowledge of child labor laws and production protocols.
• Willingness to communicate with parents about daily progress.",,
Set Teachers,"Set teachers, also called studio teachers, combine education and advocacy. They provide quality schooling and ensure minors’ welfare and legal compliance giving parents confidence and supporting professional growth. Explore {{count}} trusted Set Teachers specializing in child and teen performers.","✓ Provide mandated education during workdays
✓ Advocate for minors’ welfare, ensuring safe schedules
✓ Maintain academic progress despite irregular work hours
✓ Assist with coordination of rehearsals, wardrobe, and meals
✓ Foster a love of learning alongside acting passion.","• Licensed teachers certified in both elementary and secondary education
• Familiarity with state requirements for on-set schooling
• Flexibility to adapt lessons to individual needs and curricula.
• Communication skills to collaborate with parents and production.
• Compassionate approach balancing discipline and encouragement.",,
Social Media Consultants,A thoughtfully curated online presence can open doors. Social media consultants help create quality content and engagement strategies while keeping safety and confidence top of mind These efforts contribute to professional growth. Explore {{count}} trusted Social Media Consultants specializing in child and teen performers.,"✓ Craft a cohesive online brand that resonates with casting professionals.
✓ Grow an engaged following on platforms like Instagram and TikTok
✓ Teach safe online practices and parental oversight
✓ Manage posting schedules, analytics, and content strategy.
✓ Leverage social media to attract auditions and collaborations.","• Consultants experienced in youth entertainment and digital marketing.
• Emphasis on safety, privacy, and COPPA compliance
• Customized strategies tailored to your child’s brand and age.
• Case studies showing growth and successful partnerships.
• Transparent policies on account management and access."
Speech Therapy,"Speech therapists work with young actors to overcome speech challenges and improve articulation and diction. Their quality guidance leads to clear communication and boosts confidence enhancing professional growth. Explore {{count}} trusted Speech Therapy specializing in child and teen performers.","✓ Address articulation issues that may hinder clear performance
✓ Improve resonance, breath control, and vocal healthfile:///home/oai/redirect.html#:~:text=An%20actor%E2%80%99s%20voice%20is%20a,convey%20characters%20with%20incredible%20depth.
✓ Assist with dialect modification and accent reduction.
✓ Boost confidence in social and audition settings.
✓ Support neurodivergent or speech‑impaired performers with specialized techniques.","• Licensed speech-language pathologists experienced with performers.
• Collaborative goal-setting with parents and acting coaches.
• Evidence-based methods tailored to your child’s needs.
• Progress monitoring and clear communication about growth.
• Integration of exercises into acting rehearsals and daily life.",,
Stunt Training,"From stage falls to fight choreography, stunt training teaches safety and physical skills. Quality instruction builds confidence, prevents injuries, and expands professional growth opportunities for action roles. Explore {{count}} trusted Stunt Training specializing in child and teen performers.","✓ Teach safety protocols for stage combat, falls, and physical gags.
✓ Build strength, agility, and coordination necessary for action roles.
✓ Instill discipline and respect for risks and boundaries.
✓ Expand casting possibilities to include action-driven projects.
✓ Provide supervised practice to prevent injuries on set.","• Certified stunt coordinators or schools with safety records.
• Age-appropriate training that starts with fundamentals.
• Facilities equipped with mats, pads, and harnesses.
• Emphasis on technique over spectacle.
• Opportunities to apply skills in student films or showcases.",,
Stylists,Stylists help young actors craft looks that align with roles and personal brand. Their quality eye boosts confidence and ensures professional growth by presenting the right image at auditions and events. Explore {{count}} trusted Stylists specializing in child and teen performers.,"✓ Curate audition outfits that highlight your child’s casting type.
✓ Build capsule wardrobes for press, events, and headshot sessions.
✓ Teach your child how to dress appropriately and comfortably.
✓ Align clothing choices with personal brand and roles.
✓ Help navigate trends while keeping looks timeless.","• Stylists experienced with youth and entertainment industry standards.
• Attention to detail and understanding of color, fit, and texture.
• Willingness to work within budget constraints.
• Access to rental houses, designers, or consignment options.
• Collaborative process that empowers young clients.",,
Talent Agents,"A licensed talent agent advocates for your child, submits them for roles, and negotiates deals. Look for quality representation that believes in your child and has the connections to secure auditions The right agent inspires confidence and fuels professional growth. Explore {{count}} trusted Talent Agents specializing in child and teen performers.","✓ Legitimate agents secure auditions and negotiate contracts
✓ Provide insights into appropriate roles and career direction
✓ Advocate for your child’s best interests in the marketplace
✓ Offer access to breakdowns and casting calls otherwise unavailable.
✓ Guide families on industry trends, unions, and best practices.","• Licensed agencies franchised with SAG-AFTRA
• Passion for your child’s talent and a strong track record of auditions.
• Clear communication style and responsiveness.
• Transparent commission percentages and contract terms.
• Compatibility with your child’s goals and personality",,
Talent Managers,"Talent managers provide long-term career guidance, coordinating lessons, auditions, and brand development. Their quality mentorship fosters confidence and steady professional growth. Explore {{count}} trusted Talent Managers specializing in child and teen performers.","✓ Provide long-term career planning and branding advice.
✓ Coordinate lessons, auditions, and marketing efforts.
✓ Serve as a sounding board for parents and kids.
✓ Help navigate transitions between representation and projects.
✓ Offer holistic support beyond booking jobs.","• Managers with experience guiding youth careers.
• Strong relationships with agents, casting, and coaches.
• Transparent contracts without hidden fees.
• Availability for regular check-ins and feedback.
• Commitment to your child’s overall well-being and education.",,
Talent Showcases,"Showcases put young actors in front of agents, managers, and casting directors. These quality events build performance confidence and accelerate professional growth through live feedback and connections. Explore {{count}} trusted Talent Showcases specializing in child and teen performers.","✓ Offer opportunities to perform for agents, managers, and casting directors.
✓ Provide immediate feedback to hone performance skills.
✓ Build confidence through live audience experience.
✓ Encourage networking with peers and industry professionals.
✓ Serve as a milestone to gauge readiness for larger markets.","• Showcases with reputable industry attendance and outcomes.
• Preparation sessions that help kids present their best work.
• Balanced fees with clear deliverables.
• Safe, age-appropriate environment for performers.
• Follow-up opportunities such as meetings or callbacks.",,
Theatre Training,"Theatre training grounds young actors in discipline, ensemble work, and live performance skills. Quality stage education cultivates confidence and sustains professional growth across mediums. Explore {{count}} trusted Theatre Training specializing in child and teen performers.","✓ Teach vocal projection, physicality, and stage presence.
✓ Cultivate collaboration and ensemble awareness.
✓ Expose young actors to classical and contemporary works.
✓ Provide live performance experience under pressure.
✓ Enhance discipline and adaptability for other mediums.","• Programs with experienced directors and dramaturgs.
• Emphasis on both acting technique and theatre history.
• Opportunities to perform in plays or musical productions.
• Supportive community that fosters creativity.
• Integration with other disciplines like voice and movement.",,
Videographers,"High-quality video captures auditions, scenes, and behind-the-scenes content. Skilled videographers deliver professional cinematography that builds confidence and supports professional growth. Explore {{count}} trusted Videographers specializing in child and teen performers.","✓ Capture auditions, performances, and behind‑the‑scenes footage in high definition.
✓ Provide polished editing for submissions and reels.
✓ Offer creative storytelling to showcase personality and range.
✓ Supply professional lighting and sound equipment.
✓ Turn around projects quickly to meet tight deadlines.","• Videographers with portfolios in the performing arts.
• Ability to collaborate on concepts and scripts.
• Technical skills with cameras, lighting, and audio gear.
• Flexible packages for different types of projects.
• Experience directing children and teens on set.",,
Vocal Coaches,"Vocal coaches refine pitch, tone, and breath control for singers and actors. Their quality instruction preserves vocal health and expands range, building confidencefile:///home/oai/redirect.html#:~:text=An%20actor%E2%80%99s%20voice%20is%20a,convey%20characters%20with%20incredible%20depth and enhancing professional growth. Explore {{count}} trusted Vocal Coaches specializing in child and teen performers.","✓ Develop proper breathing, pitch control, and resonancefile:///home/oai/redirect.html#:~:text=An%20actor%E2%80%99s%20voice%20is%20a,convey%20characters%20with%20incredible%20depth.
✓ Expand vocal range and flexibility for versatile rolesfile:///home/oai/redirect.html#:~:text=Enhanced%20Vocal%20Range%20%26%20Flexibility.
✓ Improve articulation and clarity for dialogue and singingfile:///home/oai/redirect.html#:~:text=Clear%20and%20articulate%20speech%20is,actor%20sidelined%20and%20audiences%20disengaged.
✓ Maintain vocal health and prevent strain or injuryfile:///home/oai/redirect.html#:~:text=Sustained%20Vocal%20Health.
✓ Build confidence by mastering challenging material.","• Coaches trained in voice pedagogy and performancefile:///home/oai/redirect.html#:~:text=A%20voice%20coach%20is%20specially,what%20you%20are%20capable%20of.
• A focus on age-appropriate repertoire and techniques.
• Personalized lesson plans addressing strengths and weaknesses.
• Emphasis on vocal health and maintenance routines.
• Encouragement of expressive interpretation and character.",,
Voiceover Support,"Voiceover support services teach mic technique, script interpretation, and studio etiquette. Quality guidance strengthens clarity and performance, instilling confidence for professional growth in voice work. Explore {{count}} trusted Voiceover Support specializing in child and teen performers.","✓ Teach mic technique, script analysis, and studio etiquette.
✓ Build versatile voices for animation, commercials, and narration.
✓ Provide coaching on pacing, tone, and character choices.
✓ Ensure technical quality in recordings for auditions.
✓ Support remote work setups for home studios.","• Coaches or studios experienced in youth voiceover.
• Access to professional microphones and soundproofing.
• Feedback on delivery, emotion, and clarity.
• Guidance on home recording software and hardware.
• Knowledge of industry standards and casting platforms.",,
Wardrobe Consultant,"A wardrobe consultant curates clothing for auditions, photos, and public appearances. Their quality selections highlight individuality, boost confidence, and contribute to professional growth through polished presentation. Explore {{count}} trusted Wardrobe Consultant specializing in child and teen performers.","✓ Create cohesive looks that reflect character types and personal brand.
✓ Prepare outfits for auditions, shoots, and press events.
✓ Save time and stress by planning wardrobe in advance.
✓ Teach your child to dress confidently and comfortably.
✓ Ensure clothing fits properly and photographs well.","• Consultants with fashion and entertainment experience.
• Ability to work with children and respect their preferences.
• Skills in selecting versatile pieces that mix and match.
• Understanding of how colors and patterns translate on camera.
• Mindful of budgets and sustainable fashion options.",,